T,phi,A
1.17647,1.8847,0.0070
1.21210,1.8758,0.0100
1.24999,1.8746,0.0130
1.29033,1.8744,0.0190
1.33331,1.8326,0.0310
1.37928,1.1137,0.0440
1.42859,0.7202,0.0710
1.48149,0.6610,0.0240
1.53915,0.5880,0.0160
1.73162,0.4438,0.0110
1.81815,0.0736,0.0080